<?xml version="1.0" encoding="UTF-8"?>
<actions>
    <action>
        <triggers>
            <keyword>open</keyword>
            <keyword>unlock</keyword>
        </triggers>
        <subjects>
            <entity>trapdoor</entity>
            <entity>key</entity>
        </subjects>
        <consumed>
            <entity>key</entity>
        </consumed>
        <produced>
            <entity>cellar</entity>
        </produced>
        <narration>You unlock the trapdoor and see steps leading down into a cellar</narration>
    </action>

    <action>
        <triggers>
            <keyword>chop</keyword>
            <keyword>cut</keyword>
            <keyword>cutdown</keyword>
        </triggers>
        <subjects>
            <entity>tree</entity>
            <entity>axe</entity>
        </subjects>
        <consumed>
            <entity>tree</entity>
        </consumed>
        <produced>
            <entity>log</entity>
        </produced>
        <narration>You cut down the tree with the axe</narration>
    </action>

    <action>
        <triggers>
            <keyword>drink</keyword>
        </triggers>
        <subjects>
            <entity>potion</entity>
        </subjects>
        <consumed>
            <entity>potion</entity>
        </consumed>
        <produced>
            <entity>health</entity>
        </produced>
        <narration>You drink the potion and your health improves</narration>
    </action>

    <action>
        <triggers>
            <keyword>fight</keyword>
            <keyword>hit</keyword>
            <keyword>attack</keyword>
        </triggers>
        <subjects>
            <entity>elf</entity>
        </subjects>
        <consumed>
            <entity>health</entity>
        </consumed>
        <produced>
        </produced>
        <narration>You attack the elf, but he fights back and you lose some health</narration>
    </action>

</actions>
